"first_name","last_name","email","membership_status","quantity"
"Omar","Jackson","yjohnson@example.org","active",797
"Kathryn","Campbell","lisajones@example.org","active",788
"Robert","Ponce","gwalsh@example.net","active",786
"Kaitlyn","Raymond","jonespamela@example.org","active",727
"John","Smith","jessesoto@example.net","active",694
"Andrea","Campbell","nguyenkevin@example.com","active",681
"Jessica","Moyer","ronaldbuchanan@example.net","active",675
"Timothy","Walters","melissa38@example.org","active",644
"Luis","Shaffer","kirkwendy@example.com","active",636
"Brenda","Rhodes","meagan49@example.com","active",547
